path	@id	schema
/schema:subjectOf		https://cross-domain-interoperability-framework.github.io/metadataBuildingBlocks/_sources/cdifProperties/cdifCore/schema.yaml
/schema:subjectOf/dcterms:conformsTo		https://cross-domain-interoperability-framework.github.io/metadataBuildingBlocks/_sources/cdifProperties/cdifCore/schema.yaml
/schema:name		https://cross-domain-interoperability-framework.github.io/metadataBuildingBlocks/_sources/cdifProperties/cdifCore/schema.yaml
/schema:identifier		https://cross-domain-interoperability-framework.github.io/metadataBuildingBlocks/_sources/cdifProperties/cdifCore/schema.yaml
/schema:identifier/_anyOf/0/schema:propertyID		https://cross-domain-interoperability-framework.github.io/metadataBuildingBlocks/_sources/schemaorgProperties/identifier/schema.yaml
/schema:identifier/_anyOf/0/schema:value		https://cross-domain-interoperability-framework.github.io/metadataBuildingBlocks/_sources/schemaorgProperties/identifier/schema.yaml
/schema:identifier/_anyOf/0/schema:url		https://cross-domain-interoperability-framework.github.io/metadataBuildingBlocks/_sources/schemaorgProperties/identifier/schema.yaml
/schema:dateModified		https://cross-domain-interoperability-framework.github.io/metadataBuildingBlocks/_sources/cdifProperties/cdifCore/schema.yaml
/schema:conditionsOfAccess		https://cross-domain-interoperability-framework.github.io/metadataBuildingBlocks/_sources/cdifProperties/cdifCore/schema.yaml
/schema:conditionsOfAccess/_anyOf/2/schema:name		https://cross-domain-interoperability-framework.github.io/metadataBuildingBlocks/_sources/schemaorgProperties/labeledLink/schema.yaml
/schema:conditionsOfAccess/_anyOf/2/schema:description		https://cross-domain-interoperability-framework.github.io/metadataBuildingBlocks/_sources/schemaorgProperties/labeledLink/schema.yaml
/schema:conditionsOfAccess/_anyOf/2/schema:url		https://cross-domain-interoperability-framework.github.io/metadataBuildingBlocks/_sources/schemaorgProperties/labeledLink/schema.yaml
/schema:license		https://cross-domain-interoperability-framework.github.io/metadataBuildingBlocks/_sources/cdifProperties/cdifCore/schema.yaml
/schema:url		https://cross-domain-interoperability-framework.github.io/metadataBuildingBlocks/_sources/cdifProperties/cdifCore/schema.yaml
/schema:distribution		https://cross-domain-interoperability-framework.github.io/metadataBuildingBlocks/_sources/cdifProperties/cdifCore/schema.yaml
/schema:subjectOf/schema:additionalType		https://cross-domain-interoperability-framework.github.io/metadataBuildingBlocks/_sources/cdifProperties/cdifCatalogRecord/schema.yaml
/schema:subjectOf/schema:about		https://cross-domain-interoperability-framework.github.io/metadataBuildingBlocks/_sources/cdifProperties/cdifCatalogRecord/schema.yaml
/schema:subjectOf/schema:maintainer		https://cross-domain-interoperability-framework.github.io/metadataBuildingBlocks/_sources/cdifProperties/cdifCatalogRecord/schema.yaml
/schema:subjectOf/schema:maintainer/_anyOf/0/schema:name		https://cross-domain-interoperability-framework.github.io/metadataBuildingBlocks/_sources/schemaorgProperties/person/schema.yaml
/schema:subjectOf/schema:maintainer/_anyOf/0/schema:description		https://cross-domain-interoperability-framework.github.io/metadataBuildingBlocks/_sources/schemaorgProperties/person/schema.yaml
/schema:subjectOf/schema:maintainer/_anyOf/0/schema:identifier		https://cross-domain-interoperability-framework.github.io/metadataBuildingBlocks/_sources/schemaorgProperties/person/schema.yaml
/schema:subjectOf/schema:maintainer/_anyOf/0/schema:alternateName		https://cross-domain-interoperability-framework.github.io/metadataBuildingBlocks/_sources/schemaorgProperties/person/schema.yaml
/schema:subjectOf/schema:maintainer/_anyOf/0/schema:affiliation		https://cross-domain-interoperability-framework.github.io/metadataBuildingBlocks/_sources/schemaorgProperties/person/schema.yaml
/schema:subjectOf/schema:maintainer/_anyOf/0/schema:affiliation/schema:additionalType		https://cross-domain-interoperability-framework.github.io/metadataBuildingBlocks/_sources/schemaorgProperties/organization/schema.yaml
/schema:subjectOf/schema:maintainer/_anyOf/0/schema:affiliation/schema:additionalType/_anyOf/1/schema:name		https://cross-domain-interoperability-framework.github.io/metadataBuildingBlocks/_sources/schemaorgProperties/definedTerm/schema.yaml
/schema:subjectOf/schema:maintainer/_anyOf/0/schema:affiliation/schema:additionalType/_anyOf/1/schema:identifier		https://cross-domain-interoperability-framework.github.io/metadataBuildingBlocks/_sources/schemaorgProperties/definedTerm/schema.yaml
/schema:subjectOf/schema:maintainer/_anyOf/0/schema:affiliation/schema:additionalType/_anyOf/1/schema:inDefinedTermSet		https://cross-domain-interoperability-framework.github.io/metadataBuildingBlocks/_sources/schemaorgProperties/definedTerm/schema.yaml
/schema:subjectOf/schema:maintainer/_anyOf/0/schema:affiliation/schema:additionalType/_anyOf/1/schema:termCode		https://cross-domain-interoperability-framework.github.io/metadataBuildingBlocks/_sources/schemaorgProperties/definedTerm/schema.yaml
/schema:subjectOf/schema:maintainer/_anyOf/0/schema:affiliation/schema:name		https://cross-domain-interoperability-framework.github.io/metadataBuildingBlocks/_sources/schemaorgProperties/organization/schema.yaml
/schema:subjectOf/schema:maintainer/_anyOf/0/schema:affiliation/schema:alternateName		https://cross-domain-interoperability-framework.github.io/metadataBuildingBlocks/_sources/schemaorgProperties/organization/schema.yaml
/schema:subjectOf/schema:maintainer/_anyOf/0/schema:affiliation/schema:description		https://cross-domain-interoperability-framework.github.io/metadataBuildingBlocks/_sources/schemaorgProperties/organization/schema.yaml
/schema:subjectOf/schema:maintainer/_anyOf/0/schema:affiliation/schema:identifier		https://cross-domain-interoperability-framework.github.io/metadataBuildingBlocks/_sources/schemaorgProperties/organization/schema.yaml
/schema:subjectOf/schema:maintainer/_anyOf/0/schema:affiliation/schema:sameAs		https://cross-domain-interoperability-framework.github.io/metadataBuildingBlocks/_sources/schemaorgProperties/organization/schema.yaml
/schema:subjectOf/schema:maintainer/_anyOf/0/schema:contactPoint		https://cross-domain-interoperability-framework.github.io/metadataBuildingBlocks/_sources/schemaorgProperties/person/schema.yaml
/schema:subjectOf/schema:maintainer/_anyOf/0/schema:contactPoint/schema:email		https://cross-domain-interoperability-framework.github.io/metadataBuildingBlocks/_sources/schemaorgProperties/person/schema.yaml
/schema:subjectOf/schema:maintainer/_anyOf/0/schema:sameAs		https://cross-domain-interoperability-framework.github.io/metadataBuildingBlocks/_sources/schemaorgProperties/person/schema.yaml
/schema:subjectOf/schema:sdDatePublished		https://cross-domain-interoperability-framework.github.io/metadataBuildingBlocks/_sources/cdifProperties/cdifCatalogRecord/schema.yaml
/schema:subjectOf/schema:includedInDataCatalog		https://cross-domain-interoperability-framework.github.io/metadataBuildingBlocks/_sources/cdifProperties/cdifCatalogRecord/schema.yaml
/schema:subjectOf/schema:includedInDataCatalog/schema:name		https://cross-domain-interoperability-framework.github.io/metadataBuildingBlocks/_sources/cdifProperties/cdifCatalogRecord/schema.yaml
/schema:subjectOf/schema:includedInDataCatalog/schema:url		https://cross-domain-interoperability-framework.github.io/metadataBuildingBlocks/_sources/cdifProperties/cdifCatalogRecord/schema.yaml
/schema:subjectOf/schema:includedInDataCatalog/schema:identifier		https://cross-domain-interoperability-framework.github.io/metadataBuildingBlocks/_sources/cdifProperties/cdifCatalogRecord/schema.yaml
/schema:description		https://cross-domain-interoperability-framework.github.io/metadataBuildingBlocks/_sources/cdifProperties/cdifOptional/schema.yaml
/schema:additionalType		https://cross-domain-interoperability-framework.github.io/metadataBuildingBlocks/_sources/cdifProperties/cdifOptional/schema.yaml
/schema:sameAs		https://cross-domain-interoperability-framework.github.io/metadataBuildingBlocks/_sources/cdifProperties/cdifOptional/schema.yaml
/schema:version		https://cross-domain-interoperability-framework.github.io/metadataBuildingBlocks/_sources/cdifProperties/cdifOptional/schema.yaml
/schema:inLanguage		https://cross-domain-interoperability-framework.github.io/metadataBuildingBlocks/_sources/cdifProperties/cdifOptional/schema.yaml
/schema:datePublished		https://cross-domain-interoperability-framework.github.io/metadataBuildingBlocks/_sources/cdifProperties/cdifOptional/schema.yaml
/schema:relatedLink		https://cross-domain-interoperability-framework.github.io/metadataBuildingBlocks/_sources/cdifProperties/cdifOptional/schema.yaml
/schema:relatedLink/schema:linkRelationship		https://cross-domain-interoperability-framework.github.io/metadataBuildingBlocks/_sources/cdifProperties/cdifOptional/schema.yaml
/schema:relatedLink/schema:target		https://cross-domain-interoperability-framework.github.io/metadataBuildingBlocks/_sources/cdifProperties/cdifOptional/schema.yaml
/schema:relatedLink/schema:target/schema:encodingFormat		https://cross-domain-interoperability-framework.github.io/metadataBuildingBlocks/_sources/cdifProperties/cdifOptional/schema.yaml
/schema:relatedLink/schema:target/schema:name		https://cross-domain-interoperability-framework.github.io/metadataBuildingBlocks/_sources/cdifProperties/cdifOptional/schema.yaml
/schema:relatedLink/schema:target/schema:url		https://cross-domain-interoperability-framework.github.io/metadataBuildingBlocks/_sources/cdifProperties/cdifOptional/schema.yaml
/schema:publishingPrinciples		https://cross-domain-interoperability-framework.github.io/metadataBuildingBlocks/_sources/cdifProperties/cdifOptional/schema.yaml
/schema:measurementTechnique		https://cross-domain-interoperability-framework.github.io/metadataBuildingBlocks/_sources/cdifProperties/cdifOptional/schema.yaml
/schema:keywords		https://cross-domain-interoperability-framework.github.io/metadataBuildingBlocks/_sources/cdifProperties/cdifOptional/schema.yaml
/schema:creator		https://cross-domain-interoperability-framework.github.io/metadataBuildingBlocks/_sources/cdifProperties/cdifOptional/schema.yaml
/schema:contributor		https://cross-domain-interoperability-framework.github.io/metadataBuildingBlocks/_sources/cdifProperties/cdifOptional/schema.yaml
/schema:contributor/_anyOf/3/schema:roleName		https://cross-domain-interoperability-framework.github.io/metadataBuildingBlocks/_sources/schemaorgProperties/agentInRole/schema.yaml
/schema:contributor/_anyOf/3/schema:contributor		https://cross-domain-interoperability-framework.github.io/metadataBuildingBlocks/_sources/schemaorgProperties/agentInRole/schema.yaml
/schema:publisher		https://cross-domain-interoperability-framework.github.io/metadataBuildingBlocks/_sources/cdifProperties/cdifOptional/schema.yaml
/schema:provider		https://cross-domain-interoperability-framework.github.io/metadataBuildingBlocks/_sources/cdifProperties/cdifOptional/schema.yaml
/schema:funding		https://cross-domain-interoperability-framework.github.io/metadataBuildingBlocks/_sources/cdifProperties/cdifOptional/schema.yaml
/schema:funding/schema:identifier		https://cross-domain-interoperability-framework.github.io/metadataBuildingBlocks/_sources/schemaorgProperties/funder/schema.yaml
/schema:funding/schema:description		https://cross-domain-interoperability-framework.github.io/metadataBuildingBlocks/_sources/schemaorgProperties/funder/schema.yaml
/schema:funding/schema:name		https://cross-domain-interoperability-framework.github.io/metadataBuildingBlocks/_sources/schemaorgProperties/funder/schema.yaml
/schema:funding/schema:funder		https://cross-domain-interoperability-framework.github.io/metadataBuildingBlocks/_sources/schemaorgProperties/funder/schema.yaml
/schema:variableMeasured		https://cross-domain-interoperability-framework.github.io/metadataBuildingBlocks/_sources/cdifProperties/cdifOptional/schema.yaml
/schema:variableMeasured/_anyOf/0/schema:name		https://cross-domain-interoperability-framework.github.io/metadataBuildingBlocks/_sources/schemaorgProperties/variableMeasured/schema.yaml
/schema:variableMeasured/_anyOf/0/schema:description		https://cross-domain-interoperability-framework.github.io/metadataBuildingBlocks/_sources/schemaorgProperties/variableMeasured/schema.yaml
/schema:variableMeasured/_anyOf/0/schema:alternateName		https://cross-domain-interoperability-framework.github.io/metadataBuildingBlocks/_sources/schemaorgProperties/variableMeasured/schema.yaml
/schema:variableMeasured/_anyOf/0/schema:measurementTechnique		https://cross-domain-interoperability-framework.github.io/metadataBuildingBlocks/_sources/schemaorgProperties/variableMeasured/schema.yaml
/schema:variableMeasured/_anyOf/0/schema:propertyID		https://cross-domain-interoperability-framework.github.io/metadataBuildingBlocks/_sources/schemaorgProperties/variableMeasured/schema.yaml
/schema:variableMeasured/_anyOf/0/schema:unitText		https://cross-domain-interoperability-framework.github.io/metadataBuildingBlocks/_sources/schemaorgProperties/variableMeasured/schema.yaml
/schema:variableMeasured/_anyOf/0/schema:unitCode		https://cross-domain-interoperability-framework.github.io/metadataBuildingBlocks/_sources/schemaorgProperties/variableMeasured/schema.yaml
/schema:variableMeasured/_anyOf/0/schema:minValue		https://cross-domain-interoperability-framework.github.io/metadataBuildingBlocks/_sources/schemaorgProperties/variableMeasured/schema.yaml
/schema:variableMeasured/_anyOf/0/schema:maxValue		https://cross-domain-interoperability-framework.github.io/metadataBuildingBlocks/_sources/schemaorgProperties/variableMeasured/schema.yaml
/schema:variableMeasured/_anyOf/0/schema:url		https://cross-domain-interoperability-framework.github.io/metadataBuildingBlocks/_sources/schemaorgProperties/variableMeasured/schema.yaml
/schema:variableMeasured/_anyOf/1/schema:name		https://cross-domain-interoperability-framework.github.io/metadataBuildingBlocks/_sources/schemaorgProperties/statisticalVariable/schema.yaml
/schema:variableMeasured/_anyOf/1/schema:description		https://cross-domain-interoperability-framework.github.io/metadataBuildingBlocks/_sources/schemaorgProperties/statisticalVariable/schema.yaml
/schema:variableMeasured/_anyOf/1/schema:alternateName		https://cross-domain-interoperability-framework.github.io/metadataBuildingBlocks/_sources/schemaorgProperties/statisticalVariable/schema.yaml
/schema:variableMeasured/_anyOf/1/schema:measurementTechnique		https://cross-domain-interoperability-framework.github.io/metadataBuildingBlocks/_sources/schemaorgProperties/statisticalVariable/schema.yaml
/schema:variableMeasured/_anyOf/1/schema:statType		https://cross-domain-interoperability-framework.github.io/metadataBuildingBlocks/_sources/schemaorgProperties/statisticalVariable/schema.yaml
/schema:variableMeasured/_anyOf/1/schema:measuredProperty		https://cross-domain-interoperability-framework.github.io/metadataBuildingBlocks/_sources/schemaorgProperties/statisticalVariable/schema.yaml
/schema:variableMeasured/_anyOf/1/schema:measuredProperty/schema:name		https://cross-domain-interoperability-framework.github.io/metadataBuildingBlocks/_sources/schemaorgProperties/statisticalVariable/schema.yaml
/schema:spatialCoverage		https://cross-domain-interoperability-framework.github.io/metadataBuildingBlocks/_sources/cdifProperties/cdifOptional/schema.yaml
/schema:spatialCoverage/schema:name		https://cross-domain-interoperability-framework.github.io/metadataBuildingBlocks/_sources/schemaorgProperties/spatialExtent/schema.yaml
/schema:spatialCoverage/schema:geo		https://cross-domain-interoperability-framework.github.io/metadataBuildingBlocks/_sources/schemaorgProperties/spatialExtent/schema.yaml
/schema:spatialCoverage/schema:geo/_anyOf/0/schema:latitude		https://cross-domain-interoperability-framework.github.io/metadataBuildingBlocks/_sources/schemaorgProperties/spatialExtent/schema.yaml
/schema:spatialCoverage/schema:geo/_anyOf/0/schema:longitude		https://cross-domain-interoperability-framework.github.io/metadataBuildingBlocks/_sources/schemaorgProperties/spatialExtent/schema.yaml
/schema:spatialCoverage/schema:geo/_anyOf/1/schema:box		https://cross-domain-interoperability-framework.github.io/metadataBuildingBlocks/_sources/schemaorgProperties/spatialExtent/schema.yaml
/schema:spatialCoverage/schema:geo/_anyOf/2/schema:line		https://cross-domain-interoperability-framework.github.io/metadataBuildingBlocks/_sources/schemaorgProperties/spatialExtent/schema.yaml
/schema:spatialCoverage/geosparql:hasGeometry		https://cross-domain-interoperability-framework.github.io/metadataBuildingBlocks/_sources/schemaorgProperties/spatialExtent/schema.yaml
/schema:spatialCoverage/geosparql:hasGeometry/geosparql:asWKT		https://cross-domain-interoperability-framework.github.io/metadataBuildingBlocks/_sources/schemaorgProperties/spatialExtent/schema.yaml
/schema:spatialCoverage/geosparql:hasGeometry/geosparql:crs		https://cross-domain-interoperability-framework.github.io/metadataBuildingBlocks/_sources/schemaorgProperties/spatialExtent/schema.yaml
/schema:temporalCoverage		https://cross-domain-interoperability-framework.github.io/metadataBuildingBlocks/_sources/cdifProperties/cdifOptional/schema.yaml
/schema:temporalCoverage/_anyOf/0/schema:description		https://cross-domain-interoperability-framework.github.io/metadataBuildingBlocks/_sources/schemaorgProperties/temporalExtent/schema.yaml
/schema:temporalCoverage/_anyOf/0/time:intervalStartedBy		https://cross-domain-interoperability-framework.github.io/metadataBuildingBlocks/_sources/schemaorgProperties/temporalExtent/schema.yaml
/schema:temporalCoverage/_anyOf/0/time:intervalFinishedBy		https://cross-domain-interoperability-framework.github.io/metadataBuildingBlocks/_sources/schemaorgProperties/temporalExtent/schema.yaml
/schema:temporalCoverage/_anyOf/1/schema:description		https://cross-domain-interoperability-framework.github.io/metadataBuildingBlocks/_sources/schemaorgProperties/temporalExtent/schema.yaml
/schema:temporalCoverage/_anyOf/1/time:hasBeginning		https://cross-domain-interoperability-framework.github.io/metadataBuildingBlocks/_sources/schemaorgProperties/temporalExtent/schema.yaml
/schema:temporalCoverage/_anyOf/1/time:hasBeginning/time:inTimePosition		https://cross-domain-interoperability-framework.github.io/metadataBuildingBlocks/_sources/schemaorgProperties/temporalExtent/schema.yaml
/schema:temporalCoverage/_anyOf/1/time:hasBeginning/time:inTimePosition/time:hasTRS		https://cross-domain-interoperability-framework.github.io/metadataBuildingBlocks/_sources/schemaorgProperties/temporalExtent/schema.yaml
/schema:temporalCoverage/_anyOf/1/time:hasBeginning/time:inTimePosition/time:numericPosition		https://cross-domain-interoperability-framework.github.io/metadataBuildingBlocks/_sources/schemaorgProperties/temporalExtent/schema.yaml
/schema:temporalCoverage/_anyOf/1/time:hasEnd		https://cross-domain-interoperability-framework.github.io/metadataBuildingBlocks/_sources/schemaorgProperties/temporalExtent/schema.yaml
/schema:temporalCoverage/_anyOf/1/time:hasEnd/time:inTimePosition		https://cross-domain-interoperability-framework.github.io/metadataBuildingBlocks/_sources/schemaorgProperties/temporalExtent/schema.yaml
/prov:wasGeneratedBy		https://cross-domain-interoperability-framework.github.io/metadataBuildingBlocks/_sources/cdifProperties/cdifOptional/schema.yaml
/prov:wasGeneratedBy/prov:used		https://cross-domain-interoperability-framework.github.io/metadataBuildingBlocks/_sources/provProperties/generatedBy/schema.yaml
/prov:wasDerivedFrom		https://cross-domain-interoperability-framework.github.io/metadataBuildingBlocks/_sources/cdifProperties/cdifOptional/schema.yaml
/dqv:hasQualityMeasurement		https://cross-domain-interoperability-framework.github.io/metadataBuildingBlocks/_sources/cdifProperties/cdifOptional/schema.yaml
/dqv:hasQualityMeasurement/dqv:isMeasurementOf		https://cross-domain-interoperability-framework.github.io/metadataBuildingBlocks/_sources/qualityProperties/qualityMeasure/schema.yaml
/dqv:hasQualityMeasurement/dqv:value		https://cross-domain-interoperability-framework.github.io/metadataBuildingBlocks/_sources/qualityProperties/qualityMeasure/schema.yaml
/schema:distribution/_anyOf/0/schema:name		https://cross-domain-interoperability-framework.github.io/metadataBuildingBlocks/_sources/schemaorgProperties/dataDownload/schema.yaml
/schema:distribution/_anyOf/0/schema:description		https://cross-domain-interoperability-framework.github.io/metadataBuildingBlocks/_sources/schemaorgProperties/dataDownload/schema.yaml
/schema:distribution/_anyOf/0/schema:contentUrl		https://cross-domain-interoperability-framework.github.io/metadataBuildingBlocks/_sources/schemaorgProperties/dataDownload/schema.yaml
/schema:distribution/_anyOf/0/schema:encodingFormat		https://cross-domain-interoperability-framework.github.io/metadataBuildingBlocks/_sources/schemaorgProperties/dataDownload/schema.yaml
/schema:distribution/_anyOf/0/spdx:checksum		https://cross-domain-interoperability-framework.github.io/metadataBuildingBlocks/_sources/schemaorgProperties/dataDownload/schema.yaml
/schema:distribution/_anyOf/0/spdx:checksum/spdx:algorithm		https://cross-domain-interoperability-framework.github.io/metadataBuildingBlocks/_sources/schemaorgProperties/dataDownload/schema.yaml
/schema:distribution/_anyOf/0/spdx:checksum/spdx:checksumValue		https://cross-domain-interoperability-framework.github.io/metadataBuildingBlocks/_sources/schemaorgProperties/dataDownload/schema.yaml
/schema:distribution/_anyOf/0/dcterms:conformsTo		https://cross-domain-interoperability-framework.github.io/metadataBuildingBlocks/_sources/schemaorgProperties/dataDownload/schema.yaml
/schema:distribution/_anyOf/0/schema:provider		https://cross-domain-interoperability-framework.github.io/metadataBuildingBlocks/_sources/schemaorgProperties/dataDownload/schema.yaml
/schema:distribution/_anyOf/1/schema:serviceType		https://cross-domain-interoperability-framework.github.io/metadataBuildingBlocks/_sources/schemaorgProperties/webAPI/schema.yaml
/schema:distribution/_anyOf/1/schema:termsOfService		https://cross-domain-interoperability-framework.github.io/metadataBuildingBlocks/_sources/schemaorgProperties/webAPI/schema.yaml
/schema:distribution/_anyOf/1/schema:documentation		https://cross-domain-interoperability-framework.github.io/metadataBuildingBlocks/_sources/schemaorgProperties/webAPI/schema.yaml
/schema:distribution/_anyOf/1/schema:potentialAction		https://cross-domain-interoperability-framework.github.io/metadataBuildingBlocks/_sources/schemaorgProperties/webAPI/schema.yaml
/schema:distribution/_anyOf/1/schema:potentialAction/schema:name		https://cross-domain-interoperability-framework.github.io/metadataBuildingBlocks/_sources/schemaorgProperties/action/schema.yaml
/schema:distribution/_anyOf/1/schema:potentialAction/schema:target		https://cross-domain-interoperability-framework.github.io/metadataBuildingBlocks/_sources/schemaorgProperties/action/schema.yaml
/schema:distribution/_anyOf/1/schema:potentialAction/schema:target/schema:description		https://cross-domain-interoperability-framework.github.io/metadataBuildingBlocks/_sources/schemaorgProperties/action/schema.yaml
/schema:distribution/_anyOf/1/schema:potentialAction/schema:target/schema:urlTemplate		https://cross-domain-interoperability-framework.github.io/metadataBuildingBlocks/_sources/schemaorgProperties/action/schema.yaml
/schema:distribution/_anyOf/1/schema:potentialAction/schema:target/schema:httpMethod		https://cross-domain-interoperability-framework.github.io/metadataBuildingBlocks/_sources/schemaorgProperties/action/schema.yaml
/schema:distribution/_anyOf/1/schema:potentialAction/schema:target/schema:contentType		https://cross-domain-interoperability-framework.github.io/metadataBuildingBlocks/_sources/schemaorgProperties/action/schema.yaml
/schema:distribution/_anyOf/1/schema:potentialAction/schema:result		https://cross-domain-interoperability-framework.github.io/metadataBuildingBlocks/_sources/schemaorgProperties/action/schema.yaml
/schema:distribution/_anyOf/1/schema:potentialAction/schema:result/schema:encodingFormat		https://cross-domain-interoperability-framework.github.io/metadataBuildingBlocks/_sources/schemaorgProperties/action/schema.yaml
/schema:distribution/_anyOf/1/schema:potentialAction/schema:result/schema:description		https://cross-domain-interoperability-framework.github.io/metadataBuildingBlocks/_sources/schemaorgProperties/action/schema.yaml
/schema:distribution/_anyOf/1/schema:potentialAction/schema:object		https://cross-domain-interoperability-framework.github.io/metadataBuildingBlocks/_sources/schemaorgProperties/action/schema.yaml
/schema:distribution/_anyOf/1/schema:potentialAction/schema:object/schema:description		https://cross-domain-interoperability-framework.github.io/metadataBuildingBlocks/_sources/schemaorgProperties/action/schema.yaml
/schema:distribution/_anyOf/1/schema:potentialAction/schema:object/schema:encodingFormat-input		https://cross-domain-interoperability-framework.github.io/metadataBuildingBlocks/_sources/schemaorgProperties/action/schema.yaml
/schema:distribution/_anyOf/1/schema:potentialAction/schema:object/schema:variableMeasured		https://cross-domain-interoperability-framework.github.io/metadataBuildingBlocks/_sources/schemaorgProperties/action/schema.yaml
/schema:distribution/_anyOf/1/schema:potentialAction/schema:query-input		https://cross-domain-interoperability-framework.github.io/metadataBuildingBlocks/_sources/schemaorgProperties/action/schema.yaml
/schema:distribution/_anyOf/1/schema:potentialAction/schema:query-input/schema:valueName		https://cross-domain-interoperability-framework.github.io/metadataBuildingBlocks/_sources/schemaorgProperties/action/schema.yaml
/schema:distribution/_anyOf/1/schema:potentialAction/schema:query-input/schema:description		https://cross-domain-interoperability-framework.github.io/metadataBuildingBlocks/_sources/schemaorgProperties/action/schema.yaml
/schema:distribution/_anyOf/1/schema:potentialAction/schema:query-input/schema:valueRequired		https://cross-domain-interoperability-framework.github.io/metadataBuildingBlocks/_sources/schemaorgProperties/action/schema.yaml
/schema:distribution/_anyOf/1/schema:potentialAction/schema:query-input/schema:valuePattern		https://cross-domain-interoperability-framework.github.io/metadataBuildingBlocks/_sources/schemaorgProperties/action/schema.yaml
/submissionType		https://usgin.github.io/geochemBuildingBlocks/build/annotated/bbr/metadata/profiles/adaProfiles/adaProduct/schema.yaml
/schema:license/_anyOf/1/schema:name		https://usgin.github.io/geochemBuildingBlocks/build/annotated/bbr/metadata/geochemProperties/creativeWork/schema.yaml
/schema:license/_anyOf/1/schema:description		https://usgin.github.io/geochemBuildingBlocks/build/annotated/bbr/metadata/geochemProperties/creativeWork/schema.yaml
/schema:license/_anyOf/1/schema:url		https://usgin.github.io/geochemBuildingBlocks/build/annotated/bbr/metadata/geochemProperties/creativeWork/schema.yaml
/schema:creativeWorkStatus		https://usgin.github.io/geochemBuildingBlocks/build/annotated/bbr/metadata/profiles/adaProfiles/adaProduct/schema.yaml
/schema:measurementTechnique/schema:name		https://usgin.github.io/geochemBuildingBlocks/build/annotated/bbr/metadata/profiles/adaProfiles/adaProduct/schema.yaml
/schema:measurementTechnique/schema:identifier		https://usgin.github.io/geochemBuildingBlocks/build/annotated/bbr/metadata/profiles/adaProfiles/adaProduct/schema.yaml
/prov:wasGeneratedBy/prov:used/schema:additionalType		https://usgin.github.io/geochemBuildingBlocks/build/annotated/bbr/metadata/geochemProperties/instrument/schema.yaml
/prov:wasGeneratedBy/prov:used/schema:name		https://usgin.github.io/geochemBuildingBlocks/build/annotated/bbr/metadata/geochemProperties/instrument/schema.yaml
/prov:wasGeneratedBy/prov:used/schema:description		https://usgin.github.io/geochemBuildingBlocks/build/annotated/bbr/metadata/geochemProperties/instrument/schema.yaml
/prov:wasGeneratedBy/prov:used/schema:identifier		https://usgin.github.io/geochemBuildingBlocks/build/annotated/bbr/metadata/geochemProperties/instrument/schema.yaml
/prov:wasGeneratedBy/schema:location		https://usgin.github.io/geochemBuildingBlocks/build/annotated/bbr/metadata/profiles/adaProfiles/adaProduct/schema.yaml
/prov:wasGeneratedBy/schema:location/schema:identifier		https://usgin.github.io/geochemBuildingBlocks/build/annotated/bbr/metadata/geochemProperties/laboratory/schema.yaml
/prov:wasGeneratedBy/schema:location/schema:name		https://usgin.github.io/geochemBuildingBlocks/build/annotated/bbr/metadata/geochemProperties/laboratory/schema.yaml
/prov:wasGeneratedBy/schema:location/schema:alternateName		https://usgin.github.io/geochemBuildingBlocks/build/annotated/bbr/metadata/geochemProperties/laboratory/schema.yaml
/prov:wasGeneratedBy/schema:mainEntity		https://usgin.github.io/geochemBuildingBlocks/build/annotated/bbr/metadata/profiles/adaProfiles/adaProduct/schema.yaml
/prov:wasGeneratedBy/schema:mainEntity/schema:additionalType		https://usgin.github.io/geochemBuildingBlocks/build/annotated/bbr/metadata/profiles/adaProfiles/adaProduct/schema.yaml
/prov:wasGeneratedBy/schema:mainEntity/schema:identifier		https://usgin.github.io/geochemBuildingBlocks/build/annotated/bbr/metadata/profiles/adaProfiles/adaProduct/schema.yaml
/prov:wasGeneratedBy/schema:identifier		https://usgin.github.io/geochemBuildingBlocks/build/annotated/bbr/metadata/profiles/adaProfiles/adaProduct/schema.yaml
/prov:wasGeneratedBy/schema:startDate		https://usgin.github.io/geochemBuildingBlocks/build/annotated/bbr/metadata/profiles/adaProfiles/adaProduct/schema.yaml
/schema:variableMeasured/schema:description		https://usgin.github.io/geochemBuildingBlocks/build/annotated/bbr/metadata/profiles/adaProfiles/adaProduct/schema.yaml
/schema:variableMeasured/schema:name		https://usgin.github.io/geochemBuildingBlocks/build/annotated/bbr/metadata/profiles/adaProfiles/adaProduct/schema.yaml
/schema:variableMeasured/schema:alternateName		https://usgin.github.io/geochemBuildingBlocks/build/annotated/bbr/metadata/profiles/adaProfiles/adaProduct/schema.yaml
/schema:variableMeasured/schema:propertyID		https://usgin.github.io/geochemBuildingBlocks/build/annotated/bbr/metadata/profiles/adaProfiles/adaProduct/schema.yaml
/schema:variableMeasured/schema:propertyID/_anyOf/2/schema:name		https://usgin.github.io/geochemBuildingBlocks/build/annotated/bbr/metadata/profiles/adaProfiles/adaProduct/schema.yaml
/schema:variableMeasured/schema:propertyID/_anyOf/2/schema:identifier		https://usgin.github.io/geochemBuildingBlocks/build/annotated/bbr/metadata/profiles/adaProfiles/adaProduct/schema.yaml
/schema:variableMeasured/schema:propertyID/_anyOf/2/schema:inDefinedTermSet		https://usgin.github.io/geochemBuildingBlocks/build/annotated/bbr/metadata/profiles/adaProfiles/adaProduct/schema.yaml
/schema:variableMeasured/schema:propertyID/_anyOf/2/schema:termCode		https://usgin.github.io/geochemBuildingBlocks/build/annotated/bbr/metadata/profiles/adaProfiles/adaProduct/schema.yaml
/schema:variableMeasured/schema:measurementTechnique		https://usgin.github.io/geochemBuildingBlocks/build/annotated/bbr/metadata/profiles/adaProfiles/adaProduct/schema.yaml
/schema:variableMeasured/schema:measurementTechnique/_anyOf/2/schema:name		https://usgin.github.io/geochemBuildingBlocks/build/annotated/bbr/metadata/profiles/adaProfiles/adaProduct/schema.yaml
/schema:variableMeasured/schema:unitText		https://usgin.github.io/geochemBuildingBlocks/build/annotated/bbr/metadata/profiles/adaProfiles/adaProduct/schema.yaml
/schema:variableMeasured/schema:unitCode		https://usgin.github.io/geochemBuildingBlocks/build/annotated/bbr/metadata/profiles/adaProfiles/adaProduct/schema.yaml
/schema:variableMeasured/schema:unitCode/_anyOf/2/schema:name		https://usgin.github.io/geochemBuildingBlocks/build/annotated/bbr/metadata/profiles/adaProfiles/adaProduct/schema.yaml
/schema:variableMeasured/schema:minValue		https://usgin.github.io/geochemBuildingBlocks/build/annotated/bbr/metadata/profiles/adaProfiles/adaProduct/schema.yaml
/schema:variableMeasured/schema:maxValue		https://usgin.github.io/geochemBuildingBlocks/build/annotated/bbr/metadata/profiles/adaProfiles/adaProduct/schema.yaml
/schema:variableMeasured/schema:url		https://usgin.github.io/geochemBuildingBlocks/build/annotated/bbr/metadata/profiles/adaProfiles/adaProduct/schema.yaml
/schema:variableMeasured/cdi:intendedDataType		https://usgin.github.io/geochemBuildingBlocks/build/annotated/bbr/metadata/profiles/adaProfiles/adaProduct/schema.yaml
/schema:variableMeasured/cdi:role		https://usgin.github.io/geochemBuildingBlocks/build/annotated/bbr/metadata/profiles/adaProfiles/adaProduct/schema.yaml
/schema:variableMeasured/cdi:describedUnitOfMeasure		https://usgin.github.io/geochemBuildingBlocks/build/annotated/bbr/metadata/profiles/adaProfiles/adaProduct/schema.yaml
/schema:variableMeasured/cdi:describedUnitOfMeasure/schema:name		https://usgin.github.io/geochemBuildingBlocks/build/annotated/bbr/metadata/profiles/adaProfiles/adaProduct/schema.yaml
/schema:variableMeasured/cdi:simpleUnitOfMeasure		https://usgin.github.io/geochemBuildingBlocks/build/annotated/bbr/metadata/profiles/adaProfiles/adaProduct/schema.yaml
/schema:variableMeasured/cdi:uses		https://usgin.github.io/geochemBuildingBlocks/build/annotated/bbr/metadata/profiles/adaProfiles/adaProduct/schema.yaml
/schema:variableMeasured/cdi:uses/_anyOf/2/schema:name		https://usgin.github.io/geochemBuildingBlocks/build/annotated/bbr/metadata/profiles/adaProfiles/adaProduct/schema.yaml
/schema:distribution/_anyOf/0/schema:additionalType		https://usgin.github.io/geochemBuildingBlocks/build/annotated/bbr/metadata/geochemProperties/files/schema.yaml
/schema:distribution/_anyOf/0/schema:size		https://usgin.github.io/geochemBuildingBlocks/build/annotated/bbr/metadata/geochemProperties/files/schema.yaml
/schema:distribution/_anyOf/0/schema:size/schema:value		https://usgin.github.io/geochemBuildingBlocks/build/annotated/bbr/metadata/geochemProperties/files/schema.yaml
/schema:distribution/_anyOf/0/schema:size/schema:unitText		https://usgin.github.io/geochemBuildingBlocks/build/annotated/bbr/metadata/geochemProperties/files/schema.yaml
/schema:distribution/_anyOf/0/ada:resultTarget		https://usgin.github.io/geochemBuildingBlocks/build/annotated/bbr/metadata/geochemProperties/files/schema.yaml
/schema:distribution/_anyOf/0/schema:relatedLink		https://usgin.github.io/geochemBuildingBlocks/build/annotated/bbr/metadata/geochemProperties/files/schema.yaml
/schema:distribution/_anyOf/0/schema:relatedLink/schema:linkRelationship		https://usgin.github.io/geochemBuildingBlocks/build/annotated/bbr/metadata/geochemProperties/files/schema.yaml
/schema:distribution/_anyOf/0/schema:relatedLink/schema:target		https://usgin.github.io/geochemBuildingBlocks/build/annotated/bbr/metadata/geochemProperties/files/schema.yaml
/schema:distribution/_anyOf/0/schema:relatedLink/schema:target/schema:encodingFormat		https://usgin.github.io/geochemBuildingBlocks/build/annotated/bbr/metadata/geochemProperties/files/schema.yaml
/schema:distribution/_anyOf/0/schema:relatedLink/schema:target/schema:name		https://usgin.github.io/geochemBuildingBlocks/build/annotated/bbr/metadata/geochemProperties/files/schema.yaml
/schema:distribution/_anyOf/0/schema:relatedLink/schema:target/schema:url		https://usgin.github.io/geochemBuildingBlocks/build/annotated/bbr/metadata/geochemProperties/files/schema.yaml
/schema:distribution/_anyOf/0/_anyOf/0/ada:acquisitionTime		https://usgin.github.io/geochemBuildingBlocks/build/annotated/bbr/metadata/geochemProperties/image/schema.yaml
/schema:distribution/_anyOf/0/_anyOf/0/ada:componentType		https://usgin.github.io/geochemBuildingBlocks/build/annotated/bbr/metadata/geochemProperties/image/schema.yaml
/schema:distribution/_anyOf/0/_anyOf/0/ada:channel1		https://usgin.github.io/geochemBuildingBlocks/build/annotated/bbr/metadata/geochemProperties/image/schema.yaml
/schema:distribution/_anyOf/0/_anyOf/0/ada:channel2		https://usgin.github.io/geochemBuildingBlocks/build/annotated/bbr/metadata/geochemProperties/image/schema.yaml
/schema:distribution/_anyOf/0/_anyOf/0/ada:channel3		https://usgin.github.io/geochemBuildingBlocks/build/annotated/bbr/metadata/geochemProperties/image/schema.yaml
/schema:distribution/_anyOf/0/_anyOf/0/ada:pixelSize		https://usgin.github.io/geochemBuildingBlocks/build/annotated/bbr/metadata/geochemProperties/image/schema.yaml
/schema:distribution/_anyOf/0/_anyOf/0/ada:illuminationType		https://usgin.github.io/geochemBuildingBlocks/build/annotated/bbr/metadata/geochemProperties/image/schema.yaml
/schema:distribution/_anyOf/0/_anyOf/0/ada:imageType		https://usgin.github.io/geochemBuildingBlocks/build/annotated/bbr/metadata/geochemProperties/image/schema.yaml
/schema:distribution/_anyOf/0/_anyOf/1/ada:acquisitionTime		https://usgin.github.io/geochemBuildingBlocks/build/annotated/bbr/metadata/geochemProperties/imageMap/schema.yaml
/schema:distribution/_anyOf/0/_anyOf/1/ada:componentType		https://usgin.github.io/geochemBuildingBlocks/build/annotated/bbr/metadata/geochemProperties/imageMap/schema.yaml
/schema:distribution/_anyOf/0/_anyOf/1/ada:componentType/_anyOf/0/ada:spectrometersUsed		https://usgin.github.io/geochemBuildingBlocks/build/annotated/bbr/metadata/geochemProperties/detailEMPA/schema.yaml
/schema:distribution/_anyOf/0/_anyOf/1/ada:componentType/_anyOf/0/ada:signalUsed		https://usgin.github.io/geochemBuildingBlocks/build/annotated/bbr/metadata/geochemProperties/detailEMPA/schema.yaml
/schema:distribution/_anyOf/0/_anyOf/1/ada:channel1		https://usgin.github.io/geochemBuildingBlocks/build/annotated/bbr/metadata/geochemProperties/imageMap/schema.yaml
/schema:distribution/_anyOf/0/_anyOf/1/ada:channel2		https://usgin.github.io/geochemBuildingBlocks/build/annotated/bbr/metadata/geochemProperties/imageMap/schema.yaml
/schema:distribution/_anyOf/0/_anyOf/1/ada:channel3		https://usgin.github.io/geochemBuildingBlocks/build/annotated/bbr/metadata/geochemProperties/imageMap/schema.yaml
/schema:distribution/_anyOf/0/_anyOf/1/ada:illuminationType		https://usgin.github.io/geochemBuildingBlocks/build/annotated/bbr/metadata/geochemProperties/imageMap/schema.yaml
/schema:distribution/_anyOf/0/_anyOf/1/ada:imageType		https://usgin.github.io/geochemBuildingBlocks/build/annotated/bbr/metadata/geochemProperties/imageMap/schema.yaml
/schema:distribution/_anyOf/0/_anyOf/1/ada:numPixelsX		https://usgin.github.io/geochemBuildingBlocks/build/annotated/bbr/metadata/geochemProperties/imageMap/schema.yaml
/schema:distribution/_anyOf/0/_anyOf/1/ada:numPixelsY		https://usgin.github.io/geochemBuildingBlocks/build/annotated/bbr/metadata/geochemProperties/imageMap/schema.yaml
/schema:distribution/_anyOf/0/_anyOf/1/ada:spatialRegistration		https://usgin.github.io/geochemBuildingBlocks/build/annotated/bbr/metadata/geochemProperties/imageMap/schema.yaml
/schema:distribution/_anyOf/0/_anyOf/1/ada:spatialRegistration/ada:basemap		https://usgin.github.io/geochemBuildingBlocks/build/annotated/bbr/metadata/geochemProperties/spatialRegistration/schema.yaml
/schema:distribution/_anyOf/0/_anyOf/1/ada:spatialRegistration/ada:originX		https://usgin.github.io/geochemBuildingBlocks/build/annotated/bbr/metadata/geochemProperties/spatialRegistration/schema.yaml
/schema:distribution/_anyOf/0/_anyOf/1/ada:spatialRegistration/ada:originY		https://usgin.github.io/geochemBuildingBlocks/build/annotated/bbr/metadata/geochemProperties/spatialRegistration/schema.yaml
/schema:distribution/_anyOf/0/_anyOf/1/ada:spatialRegistration/ada:originZ		https://usgin.github.io/geochemBuildingBlocks/build/annotated/bbr/metadata/geochemProperties/spatialRegistration/schema.yaml
/schema:distribution/_anyOf/0/_anyOf/1/ada:spatialRegistration/ada:coordDef		https://usgin.github.io/geochemBuildingBlocks/build/annotated/bbr/metadata/geochemProperties/spatialRegistration/schema.yaml
/schema:distribution/_anyOf/0/_anyOf/1/ada:spatialRegistration/ada:coordUnits		https://usgin.github.io/geochemBuildingBlocks/build/annotated/bbr/metadata/geochemProperties/spatialRegistration/schema.yaml
/schema:distribution/_anyOf/0/_anyOf/1/ada:spatialRegistration/ada:pixelUnits		https://usgin.github.io/geochemBuildingBlocks/build/annotated/bbr/metadata/geochemProperties/spatialRegistration/schema.yaml
/schema:distribution/_anyOf/0/_anyOf/1/ada:spatialRegistration/ada:pixelScaleX		https://usgin.github.io/geochemBuildingBlocks/build/annotated/bbr/metadata/geochemProperties/spatialRegistration/schema.yaml
/schema:distribution/_anyOf/0/_anyOf/1/ada:spatialRegistration/ada:pixelScaleY		https://usgin.github.io/geochemBuildingBlocks/build/annotated/bbr/metadata/geochemProperties/spatialRegistration/schema.yaml
/schema:distribution/_anyOf/0/_anyOf/1/ada:spatialRegistration/ada:originLocation		https://usgin.github.io/geochemBuildingBlocks/build/annotated/bbr/metadata/geochemProperties/spatialRegistration/schema.yaml
/schema:distribution/_anyOf/0/_anyOf/2/ada:componentType		https://usgin.github.io/geochemBuildingBlocks/build/annotated/bbr/metadata/geochemProperties/tabularData/schema.yaml
/schema:distribution/_anyOf/0/_anyOf/2/ada:componentType/_anyOf/1/ada:analysisType		https://usgin.github.io/geochemBuildingBlocks/build/annotated/bbr/metadata/geochemProperties/detailDSC/schema.yaml
/schema:distribution/_anyOf/0/_anyOf/2/ada:componentType/_anyOf/2/ada:massConsumed		https://usgin.github.io/geochemBuildingBlocks/build/annotated/bbr/metadata/geochemProperties/detailEAIRMS/schema.yaml
/schema:distribution/_anyOf/0/_anyOf/2/ada:componentType/_anyOf/2/ada:elementType		https://usgin.github.io/geochemBuildingBlocks/build/annotated/bbr/metadata/geochemProperties/detailEAIRMS/schema.yaml
/schema:distribution/_anyOf/0/_anyOf/2/ada:componentType/_anyOf/4/ada:elementAnalyzed		https://usgin.github.io/geochemBuildingBlocks/build/annotated/bbr/metadata/geochemProperties/detailLAF/schema.yaml
/schema:distribution/_anyOf/0/_anyOf/2/ada:componentType/_anyOf/4/ada:sampleMassConsumed		https://usgin.github.io/geochemBuildingBlocks/build/annotated/bbr/metadata/geochemProperties/detailLAF/schema.yaml
/schema:distribution/_anyOf/0/_anyOf/2/ada:componentType/_anyOf/4/ada:sampleType		https://usgin.github.io/geochemBuildingBlocks/build/annotated/bbr/metadata/geochemProperties/detailLAF/schema.yaml
/schema:distribution/_anyOf/0/_anyOf/2/ada:componentType/_anyOf/5/ada:phaseAnalyzed		https://usgin.github.io/geochemBuildingBlocks/build/annotated/bbr/metadata/geochemProperties/detailNanoSIMS/schema.yaml
/schema:distribution/_anyOf/0/_anyOf/2/ada:componentType/_anyOf/5/ada:isotopeAnalyzed		https://usgin.github.io/geochemBuildingBlocks/build/annotated/bbr/metadata/geochemProperties/detailNanoSIMS/schema.yaml
/schema:distribution/_anyOf/0/_anyOf/2/ada:componentType/_anyOf/6/ada:phaseAnalyzed		https://usgin.github.io/geochemBuildingBlocks/build/annotated/bbr/metadata/geochemProperties/detailNanoIR/schema.yaml
/schema:distribution/_anyOf/0/_anyOf/2/ada:componentType/_anyOf/7/ada:imageName		https://usgin.github.io/geochemBuildingBlocks/build/annotated/bbr/metadata/geochemProperties/detailPSFD/schema.yaml
/schema:distribution/_anyOf/0/_anyOf/2/ada:componentType/_anyOf/7/ada:imageViewingConditions		https://usgin.github.io/geochemBuildingBlocks/build/annotated/bbr/metadata/geochemProperties/detailPSFD/schema.yaml
/schema:distribution/_anyOf/0/_anyOf/2/ada:componentType/_anyOf/8/ada:detector		https://usgin.github.io/geochemBuildingBlocks/build/annotated/bbr/metadata/geochemProperties/detailVNMIR/schema.yaml
/schema:distribution/_anyOf/0/_anyOf/2/ada:componentType/_anyOf/8/ada:beamsplitter		https://usgin.github.io/geochemBuildingBlocks/build/annotated/bbr/metadata/geochemProperties/detailVNMIR/schema.yaml
/schema:distribution/_anyOf/0/_anyOf/2/ada:componentType/_anyOf/8/ada:calibrationStandards		https://usgin.github.io/geochemBuildingBlocks/build/annotated/bbr/metadata/geochemProperties/detailVNMIR/schema.yaml
/schema:distribution/_anyOf/0/_anyOf/2/ada:componentType/_anyOf/8/ada:comments		https://usgin.github.io/geochemBuildingBlocks/build/annotated/bbr/metadata/geochemProperties/detailVNMIR/schema.yaml
/schema:distribution/_anyOf/0/_anyOf/2/ada:componentType/_anyOf/8/ada:numberOfScans		https://usgin.github.io/geochemBuildingBlocks/build/annotated/bbr/metadata/geochemProperties/detailVNMIR/schema.yaml
/schema:distribution/_anyOf/0/_anyOf/2/ada:componentType/_anyOf/8/ada:eMaxFitRegionMax		https://usgin.github.io/geochemBuildingBlocks/build/annotated/bbr/metadata/geochemProperties/detailVNMIR/schema.yaml
/schema:distribution/_anyOf/0/_anyOf/2/ada:componentType/_anyOf/8/ada:eMaxFitRegionMin		https://usgin.github.io/geochemBuildingBlocks/build/annotated/bbr/metadata/geochemProperties/detailVNMIR/schema.yaml
/schema:distribution/_anyOf/0/_anyOf/2/ada:componentType/_anyOf/8/ada:emissionAngle		https://usgin.github.io/geochemBuildingBlocks/build/annotated/bbr/metadata/geochemProperties/detailVNMIR/schema.yaml
/schema:distribution/_anyOf/0/_anyOf/2/ada:componentType/_anyOf/8/ada:emissivityMaximum		https://usgin.github.io/geochemBuildingBlocks/build/annotated/bbr/metadata/geochemProperties/detailVNMIR/schema.yaml
/schema:distribution/_anyOf/0/_anyOf/2/ada:componentType/_anyOf/8/ada:environmentalPressure		https://usgin.github.io/geochemBuildingBlocks/build/annotated/bbr/metadata/geochemProperties/detailVNMIR/schema.yaml
/schema:distribution/_anyOf/0/_anyOf/2/ada:componentType/_anyOf/8/ada:incidenceAngle		https://usgin.github.io/geochemBuildingBlocks/build/annotated/bbr/metadata/geochemProperties/detailVNMIR/schema.yaml
/schema:distribution/_anyOf/0/_anyOf/2/ada:componentType/_anyOf/8/ada:measurement		https://usgin.github.io/geochemBuildingBlocks/build/annotated/bbr/metadata/geochemProperties/detailVNMIR/schema.yaml
/schema:distribution/_anyOf/0/_anyOf/2/ada:componentType/_anyOf/8/ada:measurementEnvironment		https://usgin.github.io/geochemBuildingBlocks/build/annotated/bbr/metadata/geochemProperties/detailVNMIR/schema.yaml
/schema:distribution/_anyOf/0/_anyOf/2/ada:componentType/_anyOf/8/ada:phaseAngle		https://usgin.github.io/geochemBuildingBlocks/build/annotated/bbr/metadata/geochemProperties/detailVNMIR/schema.yaml
/schema:distribution/_anyOf/0/_anyOf/2/ada:componentType/_anyOf/8/ada:sampleHeated		https://usgin.github.io/geochemBuildingBlocks/build/annotated/bbr/metadata/geochemProperties/detailVNMIR/schema.yaml
/schema:distribution/_anyOf/0/_anyOf/2/ada:componentType/_anyOf/8/ada:samplePreparation		https://usgin.github.io/geochemBuildingBlocks/build/annotated/bbr/metadata/geochemProperties/detailVNMIR/schema.yaml
/schema:distribution/_anyOf/0/_anyOf/2/ada:componentType/_anyOf/8/ada:sampleTemperature		https://usgin.github.io/geochemBuildingBlocks/build/annotated/bbr/metadata/geochemProperties/detailVNMIR/schema.yaml
/schema:distribution/_anyOf/0/_anyOf/2/ada:componentType/_anyOf/8/ada:spectralRangeMax		https://usgin.github.io/geochemBuildingBlocks/build/annotated/bbr/metadata/geochemProperties/detailVNMIR/schema.yaml
/schema:distribution/_anyOf/0/_anyOf/2/ada:componentType/_anyOf/8/ada:spectralRangeMin		https://usgin.github.io/geochemBuildingBlocks/build/annotated/bbr/metadata/geochemProperties/detailVNMIR/schema.yaml
/schema:distribution/_anyOf/0/_anyOf/2/ada:componentType/_anyOf/8/ada:spectralResolution		https://usgin.github.io/geochemBuildingBlocks/build/annotated/bbr/metadata/geochemProperties/detailVNMIR/schema.yaml
/schema:distribution/_anyOf/0/_anyOf/2/ada:componentType/_anyOf/8/ada:spectralSampling		https://usgin.github.io/geochemBuildingBlocks/build/annotated/bbr/metadata/geochemProperties/detailVNMIR/schema.yaml
/schema:distribution/_anyOf/0/_anyOf/2/ada:componentType/_anyOf/8/ada:spotSize		https://usgin.github.io/geochemBuildingBlocks/build/annotated/bbr/metadata/geochemProperties/detailVNMIR/schema.yaml
/schema:distribution/_anyOf/0/_anyOf/2/ada:componentType/_anyOf/8/ada:uncertaintyNoise		https://usgin.github.io/geochemBuildingBlocks/build/annotated/bbr/metadata/geochemProperties/detailVNMIR/schema.yaml
/schema:distribution/_anyOf/0/_anyOf/2/ada:componentType/_anyOf/8/ada:vacuumExposedSample		https://usgin.github.io/geochemBuildingBlocks/build/annotated/bbr/metadata/geochemProperties/detailVNMIR/schema.yaml
/schema:distribution/_anyOf/0/_anyOf/2/ada:componentType/_anyOf/9/ada:geometry		https://usgin.github.io/geochemBuildingBlocks/build/annotated/bbr/metadata/geochemProperties/detailXRD/schema.yaml
/schema:distribution/_anyOf/0/_anyOf/2/ada:componentType/_anyOf/9/ada:sampleMount		https://usgin.github.io/geochemBuildingBlocks/build/annotated/bbr/metadata/geochemProperties/detailXRD/schema.yaml
/schema:distribution/_anyOf/0/_anyOf/2/ada:componentType/_anyOf/9/ada:stepSize		https://usgin.github.io/geochemBuildingBlocks/build/annotated/bbr/metadata/geochemProperties/detailXRD/schema.yaml
/schema:distribution/_anyOf/0/_anyOf/2/ada:componentType/_anyOf/9/ada:timePerStep		https://usgin.github.io/geochemBuildingBlocks/build/annotated/bbr/metadata/geochemProperties/detailXRD/schema.yaml
/schema:distribution/_anyOf/0/_anyOf/2/ada:componentType/_anyOf/9/ada:wavelength		https://usgin.github.io/geochemBuildingBlocks/build/annotated/bbr/metadata/geochemProperties/detailXRD/schema.yaml
/schema:distribution/_anyOf/0/_anyOf/2/ada:xCoordCol		https://usgin.github.io/geochemBuildingBlocks/build/annotated/bbr/metadata/geochemProperties/tabularData/schema.yaml
/schema:distribution/_anyOf/0/_anyOf/2/ada:yCoordCol		https://usgin.github.io/geochemBuildingBlocks/build/annotated/bbr/metadata/geochemProperties/tabularData/schema.yaml
/schema:distribution/_anyOf/0/_anyOf/2/ada:zCoordCol		https://usgin.github.io/geochemBuildingBlocks/build/annotated/bbr/metadata/geochemProperties/tabularData/schema.yaml
/schema:distribution/_anyOf/0/_anyOf/2/ada:coordUnits		https://usgin.github.io/geochemBuildingBlocks/build/annotated/bbr/metadata/geochemProperties/tabularData/schema.yaml
/schema:distribution/_anyOf/0/_anyOf/2/ada:spatialRegistration		https://usgin.github.io/geochemBuildingBlocks/build/annotated/bbr/metadata/geochemProperties/tabularData/schema.yaml
/schema:distribution/_anyOf/0/_anyOf/2/_oneOf/0/cdi:isDelimited		https://cross-domain-interoperability-framework.github.io/metadataBuildingBlocks/_sources/cdifProperties/cdifTabularData/schema.yaml
/schema:distribution/_anyOf/0/_anyOf/2/_oneOf/0/cdi:isFixedWidth		https://cross-domain-interoperability-framework.github.io/metadataBuildingBlocks/_sources/cdifProperties/cdifTabularData/schema.yaml
/schema:distribution/_anyOf/0/_anyOf/2/_oneOf/1/cdi:isDelimited		https://cross-domain-interoperability-framework.github.io/metadataBuildingBlocks/_sources/cdifProperties/cdifTabularData/schema.yaml
/schema:distribution/_anyOf/0/_anyOf/2/_oneOf/1/cdi:isFixedWidth		https://cross-domain-interoperability-framework.github.io/metadataBuildingBlocks/_sources/cdifProperties/cdifTabularData/schema.yaml
/schema:distribution/_anyOf/0/_anyOf/2/cdi:arrayBase		https://cross-domain-interoperability-framework.github.io/metadataBuildingBlocks/_sources/cdifProperties/cdifTabularData/schema.yaml
/schema:distribution/_anyOf/0/_anyOf/2/csvw:commentPrefix		https://cross-domain-interoperability-framework.github.io/metadataBuildingBlocks/_sources/cdifProperties/cdifTabularData/schema.yaml
/schema:distribution/_anyOf/0/_anyOf/2/csvw:delimiter		https://cross-domain-interoperability-framework.github.io/metadataBuildingBlocks/_sources/cdifProperties/cdifTabularData/schema.yaml
/schema:distribution/_anyOf/0/_anyOf/2/csvw:header		https://cross-domain-interoperability-framework.github.io/metadataBuildingBlocks/_sources/cdifProperties/cdifTabularData/schema.yaml
/schema:distribution/_anyOf/0/_anyOf/2/csvw:headerRowCount		https://cross-domain-interoperability-framework.github.io/metadataBuildingBlocks/_sources/cdifProperties/cdifTabularData/schema.yaml
/schema:distribution/_anyOf/0/_anyOf/2/cdi:isDelimited		https://cross-domain-interoperability-framework.github.io/metadataBuildingBlocks/_sources/cdifProperties/cdifTabularData/schema.yaml
/schema:distribution/_anyOf/0/_anyOf/2/cdi:isFixedWidth		https://cross-domain-interoperability-framework.github.io/metadataBuildingBlocks/_sources/cdifProperties/cdifTabularData/schema.yaml
/schema:distribution/_anyOf/0/_anyOf/2/csvw:lineTerminators		https://cross-domain-interoperability-framework.github.io/metadataBuildingBlocks/_sources/cdifProperties/cdifTabularData/schema.yaml
/schema:distribution/_anyOf/0/_anyOf/2/csvw:quoteChar		https://cross-domain-interoperability-framework.github.io/metadataBuildingBlocks/_sources/cdifProperties/cdifTabularData/schema.yaml
/schema:distribution/_anyOf/0/_anyOf/2/csvw:skipBlankRows		https://cross-domain-interoperability-framework.github.io/metadataBuildingBlocks/_sources/cdifProperties/cdifTabularData/schema.yaml
/schema:distribution/_anyOf/0/_anyOf/2/csvw:skipColumns		https://cross-domain-interoperability-framework.github.io/metadataBuildingBlocks/_sources/cdifProperties/cdifTabularData/schema.yaml
/schema:distribution/_anyOf/0/_anyOf/2/csvw:skipInitialSpace		https://cross-domain-interoperability-framework.github.io/metadataBuildingBlocks/_sources/cdifProperties/cdifTabularData/schema.yaml
/schema:distribution/_anyOf/0/_anyOf/2/csvw:skipRows		https://cross-domain-interoperability-framework.github.io/metadataBuildingBlocks/_sources/cdifProperties/cdifTabularData/schema.yaml
/schema:distribution/_anyOf/0/_anyOf/2/cdi:escapeCharacter		https://cross-domain-interoperability-framework.github.io/metadataBuildingBlocks/_sources/cdifProperties/cdifTabularData/schema.yaml
/schema:distribution/_anyOf/0/_anyOf/2/cdi:headerIsCaseSensitive		https://cross-domain-interoperability-framework.github.io/metadataBuildingBlocks/_sources/cdifProperties/cdifTabularData/schema.yaml
/schema:distribution/_anyOf/0/_anyOf/2/cdi:treatConsecutiveDelimitersAsOne		https://cross-domain-interoperability-framework.github.io/metadataBuildingBlocks/_sources/cdifProperties/cdifTabularData/schema.yaml
/schema:distribution/_anyOf/0/_anyOf/2/csvw:tableDirection		https://cross-domain-interoperability-framework.github.io/metadataBuildingBlocks/_sources/cdifProperties/cdifTabularData/schema.yaml
/schema:distribution/_anyOf/0/_anyOf/2/csvw:textDirection		https://cross-domain-interoperability-framework.github.io/metadataBuildingBlocks/_sources/cdifProperties/cdifTabularData/schema.yaml
/schema:distribution/_anyOf/0/_anyOf/2/csvw:trim		https://cross-domain-interoperability-framework.github.io/metadataBuildingBlocks/_sources/cdifProperties/cdifTabularData/schema.yaml
/schema:distribution/_anyOf/0/_anyOf/2/cdi:hasPhysicalMapping		https://cross-domain-interoperability-framework.github.io/metadataBuildingBlocks/_sources/cdifProperties/cdifTabularData/schema.yaml
/schema:distribution/_anyOf/0/_anyOf/2/cdi:hasPhysicalMapping/cdi:index		https://cross-domain-interoperability-framework.github.io/metadataBuildingBlocks/_sources/cdifProperties/cdifPhysicalMapping/schema.yaml
/schema:distribution/_anyOf/0/_anyOf/2/cdi:hasPhysicalMapping/cdi:format		https://cross-domain-interoperability-framework.github.io/metadataBuildingBlocks/_sources/cdifProperties/cdifPhysicalMapping/schema.yaml
/schema:distribution/_anyOf/0/_anyOf/2/cdi:hasPhysicalMapping/cdi:physicalDataType		https://cross-domain-interoperability-framework.github.io/metadataBuildingBlocks/_sources/cdifProperties/cdifPhysicalMapping/schema.yaml
/schema:distribution/_anyOf/0/_anyOf/2/cdi:hasPhysicalMapping/cdi:length		https://cross-domain-interoperability-framework.github.io/metadataBuildingBlocks/_sources/cdifProperties/cdifPhysicalMapping/schema.yaml
/schema:distribution/_anyOf/0/_anyOf/2/cdi:hasPhysicalMapping/cdi:nullSequence		https://cross-domain-interoperability-framework.github.io/metadataBuildingBlocks/_sources/cdifProperties/cdifPhysicalMapping/schema.yaml
/schema:distribution/_anyOf/0/_anyOf/2/cdi:hasPhysicalMapping/cdi:defaultValue		https://cross-domain-interoperability-framework.github.io/metadataBuildingBlocks/_sources/cdifProperties/cdifPhysicalMapping/schema.yaml
/schema:distribution/_anyOf/0/_anyOf/2/cdi:hasPhysicalMapping/cdi:scale		https://cross-domain-interoperability-framework.github.io/metadataBuildingBlocks/_sources/cdifProperties/cdifPhysicalMapping/schema.yaml
/schema:distribution/_anyOf/0/_anyOf/2/cdi:hasPhysicalMapping/cdi:decimalPositions		https://cross-domain-interoperability-framework.github.io/metadataBuildingBlocks/_sources/cdifProperties/cdifPhysicalMapping/schema.yaml
/schema:distribution/_anyOf/0/_anyOf/2/cdi:hasPhysicalMapping/cdi:minimumLength		https://cross-domain-interoperability-framework.github.io/metadataBuildingBlocks/_sources/cdifProperties/cdifPhysicalMapping/schema.yaml
/schema:distribution/_anyOf/0/_anyOf/2/cdi:hasPhysicalMapping/cdi:maximumLength		https://cross-domain-interoperability-framework.github.io/metadataBuildingBlocks/_sources/cdifProperties/cdifPhysicalMapping/schema.yaml
/schema:distribution/_anyOf/0/_anyOf/2/cdi:hasPhysicalMapping/cdi:isRequired		https://cross-domain-interoperability-framework.github.io/metadataBuildingBlocks/_sources/cdifProperties/cdifPhysicalMapping/schema.yaml
/schema:distribution/_anyOf/0/_anyOf/2/cdi:hasPhysicalMapping/cdi:formats_InstanceVariable		https://cross-domain-interoperability-framework.github.io/metadataBuildingBlocks/_sources/cdifProperties/cdifPhysicalMapping/schema.yaml
/schema:distribution/_anyOf/0/_anyOf/2/countRows		https://cross-domain-interoperability-framework.github.io/metadataBuildingBlocks/_sources/cdifProperties/cdifTabularData/schema.yaml
/schema:distribution/_anyOf/0/_anyOf/2/countColumns		https://cross-domain-interoperability-framework.github.io/metadataBuildingBlocks/_sources/cdifProperties/cdifTabularData/schema.yaml
/schema:distribution/_anyOf/0/_anyOf/3/ada:componentType		https://usgin.github.io/geochemBuildingBlocks/build/annotated/bbr/metadata/geochemProperties/collection/schema.yaml
/schema:distribution/_anyOf/0/_anyOf/3/ada:memberTypes		https://usgin.github.io/geochemBuildingBlocks/build/annotated/bbr/metadata/geochemProperties/collection/schema.yaml
/schema:distribution/_anyOf/0/_anyOf/3/ada:nFiles		https://usgin.github.io/geochemBuildingBlocks/build/annotated/bbr/metadata/geochemProperties/collection/schema.yaml
/schema:distribution/_anyOf/0/_anyOf/3/ada:filelist		https://usgin.github.io/geochemBuildingBlocks/build/annotated/bbr/metadata/geochemProperties/collection/schema.yaml
/schema:distribution/_anyOf/0/_anyOf/3/ada:filelist/ada:fileName		https://usgin.github.io/geochemBuildingBlocks/build/annotated/bbr/metadata/geochemProperties/collection/schema.yaml
/schema:distribution/_anyOf/0/_anyOf/3/ada:filelist/ada:fileNamePattern		https://usgin.github.io/geochemBuildingBlocks/build/annotated/bbr/metadata/geochemProperties/collection/schema.yaml
/schema:distribution/_anyOf/0/_anyOf/3/ada:filelist/ada:componentType		https://usgin.github.io/geochemBuildingBlocks/build/annotated/bbr/metadata/geochemProperties/collection/schema.yaml
/schema:distribution/_anyOf/0/_anyOf/3/ada:filelist/schema:encodingFormat		https://usgin.github.io/geochemBuildingBlocks/build/annotated/bbr/metadata/geochemProperties/collection/schema.yaml
/schema:distribution/_anyOf/0/_anyOf/4/ada:componentType		https://usgin.github.io/geochemBuildingBlocks/build/annotated/bbr/metadata/geochemProperties/dataCube/schema.yaml
/schema:distribution/_anyOf/0/_anyOf/4/ada:componentType/_anyOf/1/ada:sampleName		https://usgin.github.io/geochemBuildingBlocks/build/annotated/bbr/metadata/geochemProperties/detailL2MS/schema.yaml
/schema:distribution/_anyOf/0/_anyOf/4/ada:componentType/_anyOf/1/ada:ionizationTimeDelay		https://usgin.github.io/geochemBuildingBlocks/build/annotated/bbr/metadata/geochemProperties/detailL2MS/schema.yaml
/schema:distribution/_anyOf/0/_anyOf/4/ada:componentType/_anyOf/1/ada:massGate		https://usgin.github.io/geochemBuildingBlocks/build/annotated/bbr/metadata/geochemProperties/detailL2MS/schema.yaml
/schema:distribution/_anyOf/0/_anyOf/4/ada:componentType/_anyOf/1/ada:photoionizationWavelength		https://usgin.github.io/geochemBuildingBlocks/build/annotated/bbr/metadata/geochemProperties/detailL2MS/schema.yaml
/schema:distribution/_anyOf/0/_anyOf/4/ada:componentType/_anyOf/1/ada:plasmaShutter		https://usgin.github.io/geochemBuildingBlocks/build/annotated/bbr/metadata/geochemProperties/detailL2MS/schema.yaml
/schema:distribution/_anyOf/0/_anyOf/4/ada:componentType/_anyOf/1/ada:timeDelayUnits		https://usgin.github.io/geochemBuildingBlocks/build/annotated/bbr/metadata/geochemProperties/detailL2MS/schema.yaml
/schema:distribution/_anyOf/0/_anyOf/4/ada:componentType/_anyOf/1/ada:wavelengthUnits		https://usgin.github.io/geochemBuildingBlocks/build/annotated/bbr/metadata/geochemProperties/detailL2MS/schema.yaml
/schema:distribution/_anyOf/0/_anyOf/4/ada:dataComponentResource		https://usgin.github.io/geochemBuildingBlocks/build/annotated/bbr/metadata/geochemProperties/dataCube/schema.yaml
/schema:distribution/_anyOf/0/_anyOf/4/cdi:hasPhysicalMapping		https://cross-domain-interoperability-framework.github.io/metadataBuildingBlocks/_sources/cdifProperties/cdifDataCube/schema.yaml
/schema:distribution/_anyOf/0/_anyOf/4/cdi:hasPhysicalMapping/cdi:locator		https://cross-domain-interoperability-framework.github.io/metadataBuildingBlocks/_sources/cdifProperties/cdifDataCube/schema.yaml
/schema:distribution/_anyOf/0/_anyOf/5/ada:componentType		https://usgin.github.io/geochemBuildingBlocks/build/annotated/bbr/metadata/geochemProperties/document/schema.yaml
/schema:distribution/_anyOf/0/_anyOf/5/ada:componentType/_anyOf/1/ada:phaseAnalyzed		https://usgin.github.io/geochemBuildingBlocks/build/annotated/bbr/metadata/geochemProperties/detailARGT/schema.yaml
/schema:distribution/_anyOf/0/_anyOf/5/ada:componentType/_anyOf/1/ada:isotopeType		https://usgin.github.io/geochemBuildingBlocks/build/annotated/bbr/metadata/geochemProperties/detailARGT/schema.yaml
/schema:distribution/_anyOf/0/_anyOf/5/schema:version		https://usgin.github.io/geochemBuildingBlocks/build/annotated/bbr/metadata/geochemProperties/document/schema.yaml
/schema:distribution/_anyOf/0/_anyOf/5/schema:isBasedOn		https://usgin.github.io/geochemBuildingBlocks/build/annotated/bbr/metadata/geochemProperties/document/schema.yaml
/schema:distribution/_anyOf/0/_anyOf/6/ada:componentType		https://usgin.github.io/geochemBuildingBlocks/build/annotated/bbr/metadata/geochemProperties/supDocImage/schema.yaml
/schema:distribution/_anyOf/0/_anyOf/6/ada:numPixelsX		https://usgin.github.io/geochemBuildingBlocks/build/annotated/bbr/metadata/geochemProperties/supDocImage/schema.yaml
/schema:distribution/_anyOf/0/_anyOf/6/ada:numPixelsY		https://usgin.github.io/geochemBuildingBlocks/build/annotated/bbr/metadata/geochemProperties/supDocImage/schema.yaml
/schema:distribution/_anyOf/0/_anyOf/6/_original_name		https://usgin.github.io/geochemBuildingBlocks/build/annotated/bbr/metadata/geochemProperties/supDocImage/schema.yaml
/schema:distribution/_anyOf/0/_anyOf/7/ada:componentType		https://usgin.github.io/geochemBuildingBlocks/build/annotated/bbr/metadata/geochemProperties/otherFile/schema.yaml
/schema:distribution/_anyOf/0/_anyOf/7/ada:componentType/_anyOf/1/ada:countScans		https://usgin.github.io/geochemBuildingBlocks/build/annotated/bbr/metadata/geochemProperties/detailSLS/schema.yaml
/schema:distribution/_anyOf/0/_anyOf/7/ada:componentType/_anyOf/1/ada:facets		https://usgin.github.io/geochemBuildingBlocks/build/annotated/bbr/metadata/geochemProperties/detailSLS/schema.yaml
/schema:distribution/_anyOf/0/_anyOf/7/ada:componentType/_anyOf/1/ada:unitsOfMeasurement		https://usgin.github.io/geochemBuildingBlocks/build/annotated/bbr/metadata/geochemProperties/detailSLS/schema.yaml
/schema:distribution/_anyOf/0/_anyOf/7/ada:componentType/_anyOf/1/ada:version		https://usgin.github.io/geochemBuildingBlocks/build/annotated/bbr/metadata/geochemProperties/detailSLS/schema.yaml
/schema:distribution/_anyOf/0/_anyOf/7/ada:componentType/_anyOf/1/ada:vertices		https://usgin.github.io/geochemBuildingBlocks/build/annotated/bbr/metadata/geochemProperties/detailSLS/schema.yaml
/schema:distribution/_anyOf/0/_anyOf/7/ada:componentType/_anyOf/1/ada:watertight		https://usgin.github.io/geochemBuildingBlocks/build/annotated/bbr/metadata/geochemProperties/detailSLS/schema.yaml
/schema:distribution/_anyOf/0/_anyOf/7/schema:encodingFormat		https://usgin.github.io/geochemBuildingBlocks/build/annotated/bbr/metadata/geochemProperties/otherFile/schema.yaml
/schema:distribution/_anyOf/0/_anyOf/7/ada:formatDescription		https://usgin.github.io/geochemBuildingBlocks/build/annotated/bbr/metadata/geochemProperties/otherFile/schema.yaml
/schema:distribution/_anyOf/1/schema:provider		https://usgin.github.io/geochemBuildingBlocks/build/annotated/bbr/metadata/profiles/adaProfiles/adaProduct/schema.yaml
/schema:distribution/_anyOf/1/schema:provider/_anyOf/0/schema:name		https://usgin.github.io/geochemBuildingBlocks/build/annotated/bbr/metadata/profiles/adaProfiles/adaProduct/schema.yaml
/schema:distribution/_anyOf/1/schema:provider/_anyOf/1/schema:name		https://usgin.github.io/geochemBuildingBlocks/build/annotated/bbr/metadata/profiles/adaProfiles/adaProduct/schema.yaml
/schema:distribution/_anyOf/1/schema:additionalType		https://usgin.github.io/geochemBuildingBlocks/build/annotated/bbr/metadata/profiles/adaProfiles/adaProduct/schema.yaml
/schema:distribution/_anyOf/1/schema:hasPart		https://usgin.github.io/geochemBuildingBlocks/build/annotated/bbr/metadata/profiles/adaProfiles/adaProduct/schema.yaml
/schema:distribution/_anyOf/2/schema:name		https://usgin.github.io/geochemBuildingBlocks/build/annotated/bbr/metadata/profiles/adaProfiles/adaProduct/schema.yaml
/schema:distribution/_anyOf/2/schema:description		https://usgin.github.io/geochemBuildingBlocks/build/annotated/bbr/metadata/profiles/adaProfiles/adaProduct/schema.yaml
/schema:distribution/_anyOf/2/schema:serviceType		https://usgin.github.io/geochemBuildingBlocks/build/annotated/bbr/metadata/profiles/adaProfiles/adaProduct/schema.yaml
/schema:distribution/_anyOf/2/schema:serviceType/_anyOf/1/schema:name		https://usgin.github.io/geochemBuildingBlocks/build/annotated/bbr/metadata/profiles/adaProfiles/adaProduct/schema.yaml
/schema:distribution/_anyOf/2/schema:documentation		https://usgin.github.io/geochemBuildingBlocks/build/annotated/bbr/metadata/profiles/adaProfiles/adaProduct/schema.yaml
/schema:distribution/_anyOf/2/schema:documentation/_oneOf/1/schema:name		https://usgin.github.io/geochemBuildingBlocks/build/annotated/bbr/metadata/profiles/adaProfiles/adaProduct/schema.yaml
/schema:distribution/_anyOf/2/schema:documentation/_oneOf/1/schema:url		https://usgin.github.io/geochemBuildingBlocks/build/annotated/bbr/metadata/profiles/adaProfiles/adaProduct/schema.yaml
/schema:distribution/_anyOf/2/schema:potentialAction		https://usgin.github.io/geochemBuildingBlocks/build/annotated/bbr/metadata/profiles/adaProfiles/adaProduct/schema.yaml
/schema:distribution/_anyOf/2/schema:result		https://usgin.github.io/geochemBuildingBlocks/build/annotated/bbr/metadata/profiles/adaProfiles/adaProduct/schema.yaml
/schema:distribution/_anyOf/2/schema:result/_oneOf/1/schema:hasPart		https://usgin.github.io/geochemBuildingBlocks/build/annotated/bbr/metadata/profiles/adaProfiles/adaProduct/schema.yaml
/schema:distribution/_oneOf/0/ada:componentType		/github/workspace/build/annotated/bbr/metadata/profiles/adaProfiles/adaDSC/schema.yaml
/schema:distribution/_oneOf/1/schema:hasPart		/github/workspace/build/annotated/bbr/metadata/profiles/adaProfiles/adaDSC/schema.yaml
/schema:distribution/_oneOf/1/schema:hasPart/ada:componentType		/github/workspace/build/annotated/bbr/metadata/profiles/adaProfiles/adaDSC/schema.yaml
